Training_Hours_per_Week,Average_Heart_Rate,BMI,Sleep_Hours_per_Night,Daily_Caloric_Intake,Hydration_Level,Previous_Competition_Performance,Resting_Heart_Rate,Body_Fat_Percentage,VO2_Max,Event_Distance,Mental_Focus_Level,Performance_Metric,Injury_History_Minor,Injury_History_Major,Training_Intensity_Medium,Training_Intensity_High,Altitude_Training_Medium,Altitude_Training_High
0.5664375715922108,0.1523937963587323,0.79,0.5833333333333334,0.1670009627727855,0.4499999999999999,0.9301603206412824,0.7525083612040132,0.3879999999999999,0.004016064257028,0.2245603155108608,0.1777777777777777,37.77,1,0,0,0,0,0
0.217926689576174,0.648010788941335,0.47,0.7833333333333331,0.7054717586649552,0.5519999999999998,0.9718436873747494,0.3913043478260868,0.8760000000000001,0.4759036144578311,0.2207846427601525,0.6333333333333333,49.44,0,1,0,1,0,0
0.3038373424971363,0.8664868509777478,0.7800000000000002,0.9333333333333332,0.2455872913992297,0.5760000000000001,0.2744488977955912,0.8244147157190637,0.0039999999999999,0.5642570281124498,0.3381628707272882,0.3222222222222222,64.49,1,0,1,0,0,0
0.3402061855670103,0.3843560350640592,0.8150000000000002,0.2166666666666666,0.1186216302952503,0.502,0.6468937875751503,0.6003344481605352,0.712,0.0542168674698794,0.4274454726380258,0.2333333333333333,75.91,1,0,0,1,1,0
0.5085910652920962,0.1807147673634525,0.1150000000000001,0.4999999999999999,0.95767811296534,0.316,0.156312625250501,0.8277591973244146,0.288,0.1064257028112448,0.9915265229357424,0.211111111111111,34.76,1,0,0,0,1,0
0.2623138602520046,0.9433580579905596,0.1400000000000001,0.9,0.7420972400513478,0.6600000000000001,0.0824649298597194,0.9197324414715718,0.296,0.7469879518072288,0.8855057131623641,0.2444444444444444,91.46,1,0,0,1,1,0
0.5363688430698739,0.9993256911665545,0.1400000000000001,0.8666666666666666,0.4977535301668806,0.022,0.9735470941883768,0.9665551839464884,0.3839999999999999,0.9558232931726908,0.1393350924766224,0.6777777777777776,19.19,1,0,0,1,1,0
0.7648911798396334,0.0761968981793661,0.81,0.2666666666666666,0.5912628369704748,0.1159999999999998,0.5586172344689379,0.9080267558528428,0.176,0.8574297188755019,0.4347110586881006,0.3222222222222222,5.71,0,1,1,0,0,0
0.3261741122565864,0.9919082939986512,0.47,0.2333333333333334,0.7227214377406931,0.75,0.3797595190380761,0.7876254180602006,0.8680000000000001,0.8313253012048193,0.0704589580521338,0.7888888888888888,40.12,1,0,1,0,0,1
0.1222794959908361,0.5003371544167228,0.685,0.4999999999999999,0.9135109114249036,0.1659999999999999,0.0236472945891783,0.382943143812709,0.556,0.253012048192771,0.1668470396536838,0.7999999999999998,18.86,1,0,0,1,1,0
0.9075028636884308,0.0411328388401888,0.9600000000000002,0.5666666666666668,0.9469271501925544,0.696,0.1513026052104208,0.6939799331103677,0.968,0.4999999999999999,0.8784407667270612,0.9888888888888888,33.85,0,1,0,0,0,1
0.0904925544100802,0.0734996628455832,0.9050000000000002,0.9499999999999998,0.4069319640564824,0.4559999999999999,0.3688376753507014,0.7792642140468228,0.772,0.218875502008032,0.382996704646327,0.211111111111111,4.66,1,0,0,0,1,0
0.6829896907216495,0.0033715441672285,0.4900000000000002,0.9499999999999998,0.1792763157894735,0.936,0.2681362725450902,0.914715719063545,0.6079999999999999,0.3674698795180722,0.9114469966884332,0.0888888888888888,73.83,0,1,1,0,1,0
0.3691294387170675,0.8671611598111933,0.4750000000000001,0.9666666666666668,0.185173299101412,0.8680000000000001,0.7775551102204408,0.7725752508361202,0.8440000000000001,0.7630522088353412,0.6260969312272253,0.1333333333333333,3.25,0,1,0,1,0,1
0.052119129438717,0.942683749157114,0.185,0.2,0.4729621309370987,0.492,0.0178356713426853,0.1471571906354514,0.3799999999999999,0.6847389558232931,0.2270227107830619,0.4222222222222222,55.73,1,0,0,0,0,1
0.565864833906071,0.9703304113283884,0.7350000000000001,0.35,0.1349085365853658,0.482,0.6801603206412825,0.1755852842809364,0.6479999999999999,0.8273092369477911,0.155426794913887,0.711111111111111,6.83,0,1,1,0,0,0
0.6890034364261168,0.0512474713418745,0.7750000000000001,0.6666666666666666,0.9523427471116817,0.91,0.9765531062124247,0.454849498327759,0.708,0.9638554216867468,0.0,0.7888888888888888,5.4,0,1,1,0,0,1
0.5896334478808707,0.5677680377612947,0.025,0.2166666666666666,0.1820041720154043,0.3540000000000001,0.2756513026052104,0.3227424749163878,0.076,0.1506024096385542,0.5059908151643014,0.5111111111111111,9.7,1,0,0,0,0,1
0.099942726231386,0.7889413351314901,0.2949999999999999,0.35,0.2521662387676509,0.1140000000000001,0.5007014028056112,0.4481605351170569,0.54,0.6265060240963854,0.0868039933363327,0.4111111111111111,59.26,1,0,0,1,1,0
0.4518900343642612,0.7194875252865812,0.585,0.4999999999999999,0.1919929396662386,0.4640000000000002,0.245691382765531,0.9163879598662208,0.336,0.9538152610441764,0.5326333240106845,0.6333333333333333,54.29,1,0,1,0,1,0
0.6529209621993126,0.6722859069453809,0.8150000000000002,0.85,0.9983953786906288,0.068,0.8537074148296593,0.9331103678929764,0.9400000000000002,0.0341365461847389,0.6592146276412482,0.8666666666666667,18.79,0,1,0,0,0,1
0.0020045819014891,0.4120026972353338,0.5150000000000001,0.0666666666666667,0.1506739409499358,0.994,0.8723446893787575,0.1321070234113711,0.5800000000000001,0.3795180722891565,0.5433543700929427,0.4666666666666666,4.81,0,1,1,0,0,1
0.6002290950744558,0.9399865138233312,0.9000000000000001,0.6,0.271782734274711,0.5280000000000002,0.3554108216432866,0.6822742474916389,0.5800000000000001,0.1506024096385542,0.3992586467567315,0.9555555555555556,79.07,0,1,1,0,1,0
0.2674684994272623,0.8813216453135536,0.7949999999999999,0.6666666666666666,0.8521742618741975,0.8680000000000001,0.7092184368737474,0.8377926421404681,0.696,0.680722891566265,0.6184645192147897,0.7555555555555555,15.86,0,1,0,0,0,1
0.4032073310423825,0.923128792987188,0.6500000000000001,0.0833333333333333,0.9496951219512194,0.258,0.3372745490981964,0.4013377926421403,0.0519999999999999,0.4959839357429717,0.1215876065517954,0.3999999999999999,35.07,0,1,0,1,1,0
0.7832187857961053,0.0155091031692514,0.3,0.45,0.601532413350449,0.1559999999999999,0.4331663326653306,0.5668896321070233,0.512,0.57429718875502,0.6623904082104162,0.3777777777777778,6.36,0,1,0,0,0,0
0.018041237113402,0.5441672285906946,0.7300000000000002,0.6166666666666666,0.7618340821566111,0.726,0.6927855711422846,0.8227424749163877,0.6440000000000001,0.4016064257028112,0.4712923217854087,0.7222222222222221,87.63,1,0,0,1,0,1
0.3044100801832761,0.6062036412677005,0.4650000000000001,1.0,0.4857589858793324,0.6880000000000002,0.2013026052104208,0.1387959866220735,0.0999999999999999,0.5722891566265059,0.8743610945600316,0.8777777777777778,6.94,0,1,0,1,0,1
0.4914089347079038,0.8556979096426162,0.3550000000000002,0.4,0.0960365853658535,1.0,0.4524048096192385,0.9163879598662208,0.8520000000000001,0.2590361445783131,0.5007701318546801,0.5888888888888888,84.5,1,0,0,0,0,0
0.4842497136311569,0.6898179366149696,0.9500000000000002,0.1166666666666667,0.8350449293966623,0.5840000000000001,0.1458917835671342,0.2959866220735785,0.484,0.6927710843373492,0.2412559634552168,0.5333333333333332,68.47,1,0,0,0,1,0
0.3550973654066438,0.4470667565745111,0.47,0.3166666666666667,0.7446646341463413,0.522,0.9152304609218436,0.6505016722408027,0.212,0.1626506024096385,0.3714487801516754,0.3444444444444444,40.71,0,1,0,0,0,1
0.6557846506300113,0.4571813890761969,0.965,0.5833333333333334,0.9655006418485236,0.314,0.0205410821643286,0.1538461538461537,0.072,0.7389558232931727,0.188339798387587,0.7555555555555555,53.76,0,1,0,0,1,0
0.1116838487972508,0.6459878624409979,0.0550000000000001,0.5499999999999999,0.8786103979460848,0.3780000000000001,0.1866733466933867,0.6789297658862875,0.8440000000000001,0.3012048192771084,0.5723680743866304,0.6555555555555557,39.04,0,1,0,1,1,0
0.1262886597938144,0.9777478084962912,0.2300000000000001,0.7666666666666665,0.3390564826700898,0.1440000000000001,0.8590180360721443,0.3076923076923076,0.6599999999999999,0.5662650602409637,0.4711382954144728,0.4999999999999999,73.22,0,1,1,0,0,1
0.3671248568155784,0.6325016857720837,0.7650000000000001,0.1833333333333332,0.6017329910141206,0.734,0.3571142284569139,0.1605351170568562,0.288,0.9357429718875502,0.3564656622525951,0.1111111111111111,8.27,0,1,0,0,1,0
0.0985108820160366,0.2279163857046527,0.79,0.85,0.5299663029525031,0.02,0.8948897795591182,0.382943143812709,0.0399999999999999,0.819277108433735,0.4172797321562476,0.1888888888888888,80.16,1,0,0,0,0,1
0.5947880870561284,0.6830748482805126,0.6300000000000001,0.4833333333333333,0.9300786264441592,0.8180000000000001,0.2106212424849699,0.423076923076923,0.288,0.7469879518072288,0.3434321939435209,0.6444444444444444,29.22,1,0,0,1,1,0
0.6947308132875143,0.0330411328388401,0.8400000000000001,0.45,0.6376363928112964,0.2219999999999999,0.6778557114228456,0.7725752508361202,0.472,0.6184738955823291,0.4556586451354013,0.8888888888888888,49.79,1,0,0,1,1,0
0.6016609392898051,0.7444369521240727,0.5050000000000001,0.6333333333333332,0.0702422978177149,0.254,0.3620240480961924,0.4715719063545148,0.0439999999999999,0.1385542168674698,0.2755734442323204,0.9666666666666666,33.13,1,0,1,0,1,0
0.7912371134020619,0.9143627781523936,0.3900000000000001,0.25,0.4916158536585363,0.8959999999999999,0.0104208416833667,0.4866220735785952,0.756,0.6024096385542169,0.4968039528030772,0.5555555555555556,61.92,0,1,0,0,0,1
0.3788659793814432,0.0,0.2099999999999999,0.9166666666666666,0.5804316431322206,0.6940000000000002,0.7803607214428857,0.9481605351170568,0.152,0.5763052208835341,0.3879498684695858,0.3777777777777778,68.08,0,1,0,1,0,1
0.4381443298969071,0.6722859069453809,0.455,0.8000000000000002,0.6406851732991014,0.1899999999999999,0.2771543086172344,0.0785953177257524,0.9440000000000002,0.8875502008032127,0.082941174086279,0.5777777777777777,96.04,1,0,1,0,0,1
0.3960481099656357,0.4605529332434255,0.2650000000000001,0.5833333333333334,0.7404123876765082,0.1340000000000001,0.5471943887775551,0.2357859531772576,0.8880000000000001,0.9096385542168676,0.7114822606207262,0.1666666666666666,95.2,0,1,1,0,1,0
0.7540091638029782,0.074173971679029,0.1699999999999999,0.9833333333333332,0.2966944801026957,0.01,0.2376753507014028,0.4297658862876253,0.472,0.4076305220883532,0.1338387830295365,0.1888888888888888,66.7,1,0,1,0,1,0
0.7531500572737686,0.7262306136210385,1.0,0.9166666666666666,0.685775032092426,0.712,0.9472945891783566,0.968227424749164,0.8280000000000001,0.7690763052208837,0.1095958429093149,0.8333333333333333,25.32,0,1,0,0,0,0
0.8132875143184419,0.2764666217127444,0.005,0.85,0.1188623234916559,0.018,0.3539078156312625,0.3795986622073578,0.076,0.8152610441767069,0.4047630628549192,0.4888888888888889,26.46,0,1,0,0,0,0
0.8722794959908362,0.4794335805799056,0.5750000000000002,0.1333333333333333,0.8375320924261874,0.4219999999999999,0.7199398797595189,0.4297658862876253,0.0,0.3995983935742971,0.1458487866369963,0.3999999999999999,32.13,0,1,0,0,0,0
0.8319014891179839,0.8267026298044503,0.185,0.5333333333333333,0.5023668164313221,0.4140000000000001,0.5363727454909819,0.2926421404682274,0.532,0.686746987951807,0.0605769503589219,0.9666666666666666,16.53,1,0,0,1,0,0
0.936139747995418,0.0829399865138232,0.345,0.8833333333333334,0.5320924261874197,0.716,0.0421843687374749,0.665551839464883,0.8480000000000001,0.680722891566265,0.954033261589471,0.6888888888888889,31.59,0,1,0,0,1,0
0.2459908361970217,0.7248819959541469,0.2550000000000001,0.2333333333333334,0.6376363928112964,0.5640000000000001,0.5087174348697394,0.6471571906354513,0.356,0.0120481927710842,0.4292735224615035,0.3666666666666666,77.19,0,1,1,0,0,0
0.3009736540664375,0.3681726230613621,0.8250000000000002,0.9833333333333332,0.4150754172015404,0.554,0.0067134268537074,0.0066889632107023,0.076,0.7208835341365462,0.1765811009642861,0.7555555555555555,43.19,0,1,0,0,1,0
0.86368843069874,0.968981793661497,0.375,0.2166666666666666,0.9162788831835684,0.1440000000000001,0.2973947895791583,0.2023411371237458,0.5640000000000001,0.4076305220883532,0.2859580642938499,0.7666666666666666,66.41,1,0,0,0,0,0
0.9593356242840778,0.5043830074173972,0.8150000000000002,0.9833333333333332,0.6697689345314505,0.5880000000000001,0.6090180360721442,0.5334448160535116,0.904,0.1365461847389557,0.4807446769702202,0.0111111111111111,89.09,0,1,1,0,1,0
0.8553837342497137,0.8718813216453135,0.2300000000000001,0.2666666666666666,0.0699213735558408,0.5519999999999998,0.7171342685370741,0.1103678929765886,0.468,0.8152610441767069,0.6645042174852358,0.5666666666666667,52.84,1,0,0,1,0,0
0.6337342497136311,0.7215104517869183,0.175,0.2999999999999999,0.538711489088575,0.1420000000000001,0.812324649298597,0.7859531772575249,0.6840000000000002,0.3313253012048192,0.5813320038425526,0.0,60.0,1,0,1,0,0,0
0.0220504009163803,0.3277140930546189,0.7150000000000001,0.1166666666666667,0.7861842105263156,0.8160000000000001,0.100501002004008,0.0969899665551838,0.2,0.3554216867469878,0.5323110846293841,0.4888888888888889,85.32,1,0,0,0,0,0
0.7299541809851089,0.7113958192852327,0.8200000000000001,0.7333333333333333,0.0345795892169448,0.74,0.0227454909819639,0.5334448160535116,0.8400000000000001,0.8313253012048193,0.8418777435947322,0.6000000000000001,18.38,1,0,0,0,0,0
0.5088774341351661,0.7909642616318274,0.5300000000000002,0.1666666666666666,0.4454428754813863,0.9240000000000002,0.6589178356713425,0.7307692307692307,0.784,0.0883534136546183,0.5812712039592884,0.3777777777777778,13.92,0,1,0,1,0,1
0.0985108820160366,0.2279163857046527,0.79,0.85,0.5299663029525031,0.02,0.8948897795591182,0.382943143812709,0.0399999999999999,0.819277108433735,0.4172797321562476,0.1888888888888888,80.16,1,0,0,0,0,1
0.3648339060710194,0.2818610923803102,0.585,0.15,0.9023587933247752,0.9340000000000002,0.6613226452905812,0.3026755852842809,0.6279999999999999,0.6024096385542169,0.3903757838118284,0.2888888888888888,16.85,1,0,1,0,0,1
0.5661512027491409,0.8840188806473362,0.2099999999999999,0.5166666666666665,0.0328145057766366,0.804,0.778256513026052,0.5384615384615384,0.3959999999999999,0.3694779116465863,0.1996262833842025,0.4333333333333334,30.39,0,1,0,0,0,1
0.0592783505154639,0.0498988536749831,0.865,0.2666666666666666,0.3522544929396662,0.6780000000000002,0.663627254509018,0.7056856187290969,0.088,0.6004016064257026,0.4799096919067248,0.7999999999999998,15.39,1,0,0,1,1,0
0.666093928980527,0.9871881321645314,0.03,1.0,0.1148908857509627,0.6240000000000001,0.6798597194388777,0.0351170568561872,0.332,0.467871485943775,0.9078861501919248,0.7,62.77,0,1,0,0,1,0
0.6961626575028637,0.9379635873229938,0.385,0.0166666666666666,0.0271181001283696,0.8919999999999999,0.7233466933867735,0.1053511705685618,0.0559999999999999,0.8052208835341365,0.8103246308433754,0.1222222222222222,30.15,1,0,0,0,0,1
0.5186139747995417,0.2164531355360754,0.2750000000000001,0.25,0.9463655327342748,0.952,0.2855711422845691,0.0050167224080267,0.316,0.5682730923694778,0.8194020534147242,0.4222222222222222,48.4,1,0,0,0,0,1
0.8880297823596794,0.4794335805799056,0.6000000000000001,0.7499999999999999,0.1475048138639281,0.2159999999999999,1.0,0.2357859531772576,0.54,0.2971887550200802,0.8520171374604293,0.9666666666666666,14.13,0,1,0,1,0,1
0.2963917525773196,0.2616318273769387,0.5750000000000002,0.9833333333333332,0.4535462130937099,0.9380000000000002,0.91563126252505,0.2525083612040134,0.3999999999999999,0.644578313253012,0.5175772462516871,0.0999999999999999,99.37,1,0,0,0,1,0
0.2571592210767468,0.0748482805124747,0.8300000000000001,0.7833333333333331,0.463053594351733,0.8800000000000001,0.2227454909819639,0.3662207357859531,0.244,0.0843373493975901,0.6527556533758121,0.5888888888888888,44.46,1,0,0,1,1,0
0.9579037800687288,0.047875927174646,0.4400000000000001,0.8166666666666668,0.4838735558408215,0.73,0.8607214428857715,0.2023411371237458,0.212,0.7469879518072288,0.3562650226378232,0.3,61.27,1,0,1,0,0,1
0.3367697594501718,0.0640593391773431,0.3249999999999999,0.1833333333333332,0.7876684852374839,0.72,0.4985971943887776,0.8879598662207359,0.18,0.4518072289156626,0.7107668486609839,0.0666666666666666,37.27,1,0,0,0,0,1
0.8553837342497137,0.50236008091706,0.9500000000000002,0.5833333333333334,0.4734435173299102,0.1859999999999999,0.158817635270541,0.2224080267558528,0.908,0.2329317269076305,0.9080320699117592,0.7555555555555555,51.57,1,0,0,0,1,0
0.6766895761741123,0.9703304113283884,0.955,0.2999999999999999,0.2033055198973041,0.6459999999999999,0.4823647294589178,0.0936454849498328,0.1039999999999999,0.3012048192771084,1.0,0.3333333333333333,8.73,0,1,1,0,0,0
0.8193012600229095,0.8846931894807822,0.8899999999999999,0.4,0.2590259948652118,0.098,0.6731462925851702,0.3294314381270902,0.276,0.3714859437751003,0.5543713089404202,0.1666666666666666,96.13,1,0,0,0,0,1
0.2528636884306987,0.1699258260283209,0.01,0.0833333333333333,0.3856306161745827,0.1979999999999999,0.0373747494989979,0.2240802675585284,0.728,0.7369477911646586,0.147988942527897,0.9333333333333332,15.9,1,0,0,0,0,0
0.7322451317296677,0.5987862440997977,0.2,0.6166666666666666,0.4641367137355582,0.3419999999999998,0.0660320641282565,0.9297658862876254,0.8600000000000001,0.3032128514056225,0.5559966924863504,0.8666666666666667,51.94,1,0,0,0,1,0
0.827033218785796,0.5374241402562374,0.375,0.8833333333333334,0.9293966623876764,0.3480000000000001,0.4993987975951903,0.9849498327759196,0.18,0.2971887550200802,0.4276663788805525,0.0999999999999999,27.2,1,0,0,1,0,1
0.7222222222222223,0.2204989885367497,0.365,0.5833333333333334,0.9951460205391526,0.068,0.188376753507014,0.7759197324414716,0.192,0.6726907630522089,0.9953974488368982,0.6444444444444444,47.91,1,0,0,0,0,1
0.5435280641466207,0.9946055293324342,0.595,0.2166666666666666,0.5642249679075736,0.326,0.6662324649298597,0.0384615384615384,0.276,0.5481927710843372,0.7771501878716393,0.8333333333333333,91.45,0,1,0,0,1,0
0.7849369988545247,0.3095077545515846,0.27,0.2,0.7797256097560975,0.6980000000000002,0.342184368737475,0.1404682274247491,0.8480000000000001,0.3835341365461847,0.1882303585977114,0.1444444444444444,91.97,1,0,0,1,1,0
0.0807560137457044,0.3843560350640592,0.6000000000000001,0.5166666666666665,0.6956835686777919,0.056,0.2844689378757515,0.8210702341137123,0.08,0.8574297188755019,0.0900648937420706,0.8333333333333333,36.08,1,0,0,1,1,0
0.0,0.406608226567768,0.165,0.7166666666666667,0.2208360077021821,0.7480000000000002,0.3132264529058116,0.9264214046822742,0.444,0.8413654618473895,0.6280486074800069,0.977777777777778,74.27,1,0,0,1,0,1
0.872852233676976,0.1584625758597436,0.6699999999999999,0.9166666666666666,0.966704107830552,0.8580000000000001,0.2042084168336673,0.5301003344481604,0.184,0.5983935742971885,0.2377761834697277,0.3333333333333333,55.23,1,0,1,0,1,0
0.5632875143184422,0.5414699932569117,0.08,0.9333333333333332,0.701379974326059,0.8880000000000001,0.983867735470942,0.4799331103678929,0.804,0.5783132530120482,0.9781221753387568,0.2444444444444444,1.38,0,1,0,1,0,0
0.2050400916380297,0.8759271746459879,0.8899999999999999,0.9499999999999998,0.1458600770218228,0.08,0.5566132264529058,0.7926421404682275,0.292,0.2389558232931726,0.5172509535448357,0.4777777777777777,47.96,0,1,1,0,0,1
0.7958190148911797,0.2292650033715441,0.7350000000000001,0.0999999999999999,0.1178995507060333,0.4440000000000002,0.7025050100200401,0.9180602006688962,0.9720000000000002,0.6927710843373492,0.7835787621954432,0.5111111111111111,5.59,0,1,0,1,0,0
0.3602520045819015,0.0566419420094402,0.6000000000000001,0.1166666666666667,0.7980182926829268,0.6419999999999999,0.8758517034068135,0.7859531772575249,0.1119999999999999,0.3815261044176706,0.7749107255047404,0.4222222222222222,97.24,0,1,0,0,0,0
0.5526918671248569,0.2420768712070128,0.2099999999999999,0.7499999999999999,0.0119544287548137,0.914,0.0178356713426853,0.6321070234113714,0.6040000000000001,0.5783132530120482,0.4737344504298551,0.8555555555555554,65.93,0,1,1,0,0,1
0.6718213058419245,0.2724207687120701,0.4400000000000001,0.7166666666666667,0.6759467265725286,0.4019999999999999,0.1824649298597194,0.483277591973244,0.2679999999999999,0.255020080321285,0.3257130812975505,0.711111111111111,49.73,0,1,0,0,0,1
0.8593928980526919,0.3344571813890762,0.8850000000000002,0.3333333333333333,0.1791158536585365,0.5760000000000001,0.5556112224448897,0.6187290969899665,0.304,0.3192771084337348,0.236063653424452,0.9333333333333332,68.3,1,0,0,0,0,0
0.1852806414662084,0.1685772083614294,0.1,0.6666666666666666,0.7656851732991014,0.266,0.0203406813627254,0.080267558528428,0.968,0.2951807228915661,0.7695562824519376,0.6222222222222222,38.19,1,0,0,0,0,0
0.915521191294387,0.0411328388401888,0.7450000000000001,0.1333333333333333,0.8700256739409499,0.6500000000000001,0.9034068136272544,0.1287625418060199,0.484,0.4919678714859438,0.7414930829999472,0.9666666666666666,1.31,1,0,1,0,0,0
0.0678694158075601,0.1867835468644638,0.7350000000000001,1.0,0.8124197689345315,0.4240000000000001,0.6442885771543085,0.4749163879598662,0.2479999999999999,0.616465863453815,0.5291819173040521,0.5333333333333332,6.34,1,0,0,1,0,0
0.90950744558992,0.1328388401888064,0.8200000000000001,0.5166666666666665,0.366254813863928,0.6440000000000001,0.7913827655310621,0.4397993311036791,0.232,0.9176706827309234,0.3118730012038376,1.0,76.73,0,1,0,0,0,1
0.4842497136311569,0.968981793661497,0.1150000000000001,0.1333333333333333,0.3486842105263157,0.2059999999999999,0.6973947895791582,0.9481605351170568,0.088,0.2409638554216867,0.236533839188362,0.5111111111111111,45.2,0,1,1,0,0,1
0.8115693012600229,0.8010788941335131,0.4650000000000001,0.4999999999999999,0.0274791399229781,0.524,0.678256513026052,0.2324414715719063,0.988,0.9759036144578314,0.2816088459776824,0.711111111111111,3.0,0,1,0,0,0,1
0.0111683848797251,0.7046527309507754,0.97,0.4333333333333332,0.2347560975609756,0.7040000000000002,0.81813627254509,0.5468227424749162,0.968,0.0502008032128513,0.5042843651073523,0.7222222222222221,86.26,1,0,0,0,0,0
0.0355097365406643,0.5920431557653405,0.9500000000000002,0.7833333333333331,0.8630054557124517,0.2299999999999999,0.607815631262525,0.894648829431438,0.068,0.8795180722891566,0.0625813198438658,0.977777777777778,8.39,0,1,1,0,1,0
0.3496563573883161,0.9649359406608226,0.1,0.1666666666666666,0.7253289473684211,0.502,0.7660320641282565,0.8645484949832775,0.252,0.6827309236947788,0.6074192070884558,0.8666666666666667,43.01,0,1,0,0,1,0
0.7462772050400917,0.0411328388401888,0.045,0.8166666666666668,0.4346517971758664,0.3419999999999998,0.6081162324649299,0.7023411371237457,0.2,0.184738955823293,0.9590897852142792,0.5888888888888888,39.01,1,0,0,0,0,1
0.7898052691867126,0.6095751854349292,0.0699999999999999,0.2333333333333334,0.2858231707317071,0.3619999999999999,0.0240480961923847,0.7458193979933111,0.472,0.8975903614457831,0.5172124469521019,0.9888888888888888,70.07,0,1,1,0,1,0
0.4387170675830469,0.8759271746459879,0.135,0.5333333333333333,0.6217105263157895,0.314,0.7367735470941883,0.6638795986622074,0.464,0.6405622489959838,0.8408279322770366,0.6000000000000001,56.88,0,1,0,1,1,0
0.8725658648339061,0.3904248145650707,0.8400000000000001,0.8333333333333334,0.7722240051347881,0.038,0.1476953907815631,0.3143812709030099,0.8480000000000001,0.8755020080321284,0.0395645107028061,0.3222222222222222,85.04,0,1,0,0,1,0
0.6420389461626574,0.2373567093728927,0.9300000000000002,0.3166666666666667,0.9550706033376124,0.1899999999999999,0.0856713426853707,0.3076923076923076,0.324,0.8092369477911646,0.7734292350158688,0.1888888888888888,92.26,1,0,0,1,1,0
0.4533218785796105,0.4693189480782198,0.99,0.5499999999999999,0.7703786906290114,0.094,0.603006012024048,0.2759197324414716,0.2639999999999999,0.995983935742972,0.312276307096157,0.8666666666666667,46.1,1,0,0,1,0,1
0.97766323024055,0.0040458530006743,0.3400000000000001,0.2666666666666666,0.1457798459563541,0.996,0.973446893787575,0.1421404682274247,0.524,0.0943775100401604,0.1221023788967658,0.711111111111111,86.7,0,1,0,0,0,1
0.8319014891179839,0.2602832097100471,0.8,0.85,0.0,0.4080000000000001,0.3130260521042084,0.8444816053511705,0.1079999999999999,0.6224899598393573,0.5086862766556821,0.9222222222222224,47.42,0,1,0,0,0,1
0.9558991981672392,0.9622387053270396,0.0699999999999999,0.0,0.9618902439024388,0.536,0.7012024048096193,0.914715719063545,0.432,0.4397590361445783,0.1653898691181179,0.911111111111111,64.77,0,1,0,1,0,0
0.0592783505154639,0.7673634524612273,0.1800000000000001,0.7499999999999999,0.9123475609756097,0.7680000000000002,0.643186372745491,0.6036789297658863,0.452,0.142570281124498,0.7792031972631945,0.4777777777777777,62.56,0,1,1,0,1,0
0.2571592210767468,0.4234659474039109,0.8899999999999999,0.5666666666666668,0.967305840821566,0.104,0.4605210420841684,0.4180602006688961,0.6000000000000001,0.8132530120481926,0.842013530000689,0.6666666666666665,64.15,1,0,0,0,0,1
0.5246277205040091,0.0613621038435603,0.7350000000000001,0.0999999999999999,0.7296213093709883,0.1220000000000001,0.1314629258517033,0.7274247491638793,0.324,0.2931726907630522,0.2902059494712437,0.5888888888888888,50.63,0,1,0,0,0,1
0.5223367697594501,0.2481456507080243,0.135,0.9,0.6932365211810013,0.5280000000000002,0.9668336673346692,0.8511705685618728,0.18,0.5080321285140562,0.4855073344925844,0.8444444444444443,14.91,1,0,0,0,0,0
0.5693012600229095,0.8624409979770734,0.4650000000000001,0.3166666666666667,0.874879653401797,0.734,0.3070140280561122,0.1655518394648829,0.292,0.1224899598393574,0.9041793839755828,0.6111111111111112,86.35,1,0,0,1,1,0
0.4985681557846507,0.7896156439649359,0.1300000000000001,0.85,0.4838334403080874,0.1359999999999999,0.8204408817635269,0.4598662207357858,0.6040000000000001,0.895582329317269,0.8914134351528711,0.8888888888888888,41.69,1,0,1,0,0,0
0.4152348224513173,0.078894133513149,0.995,0.4999999999999999,0.596237163029525,0.068,0.7509018036072144,0.2090301003344481,0.9000000000000001,0.2048192771084336,0.1891707301255314,0.0333333333333333,47.21,0,1,0,1,1,0
0.6892898052691867,0.523937963587323,0.875,0.4999999999999999,0.2215580872913991,0.806,0.2942885771543086,0.9364548494983276,0.252,0.1666666666666665,0.4927749472054347,0.0555555555555555,3.64,0,1,0,1,1,0
0.849656357388316,0.7235333782872556,0.5300000000000002,0.7333333333333333,0.0937098844672656,0.5280000000000002,0.2912825651302605,0.9749163879598662,0.8560000000000001,0.7349397590361445,0.9346076988865516,0.3444444444444444,90.09,1,0,0,1,0,0
0.8906071019473081,0.1078894133513148,0.6699999999999999,0.2833333333333333,0.1044608472400512,0.8419999999999999,0.4275551102204408,0.6204013377926422,0.704,0.5522088353413653,0.7796429830854724,0.4999999999999999,41.6,0,1,0,1,1,0
0.097651775486827,0.4760620364126769,0.075,0.6333333333333332,0.6414473684210525,0.256,0.9658316633266532,0.8260869565217391,0.1079999999999999,0.7489959839357431,0.3520779373436936,0.7555555555555555,80.08,1,0,1,0,1,0
0.5927835051546393,0.7592717464598785,0.8200000000000001,0.3833333333333332,0.446405648267009,0.6780000000000002,0.2780561122244488,0.0819397993311036,0.444,0.9879518072289156,0.3726080312592466,0.3,82.25,0,1,0,0,0,1
0.8118556701030928,0.7538772757923128,0.245,0.25,0.9697528883183568,0.8880000000000001,0.3183366733466933,0.8244147157190637,0.1599999999999999,0.1947791164658633,0.1796494684063539,0.0888888888888888,85.47,0,1,0,1,0,0
0.1113974799541809,0.4794335805799056,0.4850000000000001,0.6833333333333332,0.1158536585365853,0.104,0.9018036072144288,0.3026755852842809,0.328,0.7771084337349395,0.414110031575406,0.8333333333333333,40.15,0,1,1,0,0,1
0.1821305841924398,0.2211732973701955,0.7150000000000001,0.9499999999999998,0.3531370346598202,0.32,0.3614228456913828,0.1688963210702341,0.492,0.5441767068273092,0.1556375678425364,0.2222222222222222,20.21,1,0,0,1,0,1
0.7342497136311568,0.6770060687795009,0.1300000000000001,0.35,0.7644415917843389,0.76,0.1217434869739478,0.4615384615384615,0.8680000000000001,0.793172690763052,0.5806571251383197,0.211111111111111,32.45,0,1,1,0,0,1
0.6635166093928979,0.3641267700606877,0.945,0.35,0.6038591142490372,0.75,0.9076152304609216,0.4381270903010031,0.36,0.4297188755020079,0.3226062072627487,0.6555555555555557,93.27,1,0,0,0,1,0
0.531500572737686,0.7862440997977073,0.205,0.8833333333333334,0.9663430680359434,0.5380000000000003,0.8521042084168335,0.6705685618729097,0.244,0.9196787148594378,0.7796308231088196,0.8888888888888888,36.28,1,0,0,1,0,1
0.0681557846506299,0.0714767363452461,0.5550000000000002,0.6333333333333332,0.2111280487804877,0.746,0.6469939879759518,0.9247491638795988,0.1679999999999999,0.7530120481927708,0.0817839496414833,0.5666666666666667,55.19,0,1,0,0,0,0
0.3347651775486827,0.01888064733648,0.3400000000000001,0.8000000000000002,0.8989890885750961,0.5180000000000002,0.4558116232464929,0.0284280936454848,0.8800000000000001,0.0120481927710842,0.9456449043617836,0.4888888888888889,34.19,0,1,1,0,0,1
0.2548682703321878,0.9271746459878624,0.7750000000000001,0.5666666666666668,0.6967666880616173,0.9240000000000002,0.7132264529058115,0.3678929765886288,0.712,0.0381526104417669,0.3855259797901187,0.4111111111111111,16.68,0,1,0,1,0,1
0.9329896907216496,0.6284558327714094,0.5050000000000001,0.6166666666666666,0.0121148908857509,0.6559999999999999,0.7104208416833666,0.7224080267558527,0.5640000000000001,0.7008032128514056,0.6387493869345103,0.1111111111111111,89.84,0,1,0,1,0,1
0.7316723940435279,0.5151719487525286,0.4599999999999999,0.0499999999999999,0.9673459563543002,0.8380000000000001,0.7943887775551102,0.3043478260869564,0.288,0.57429718875502,0.8468025341391344,0.9333333333333332,26.89,1,0,0,0,0,1
0.2047537227949599,0.9197572488199596,0.3600000000000001,0.85,0.0374277920410782,0.5880000000000001,0.580561122244489,0.923076923076923,0.136,0.757028112449799,0.7893425911288917,0.5222222222222221,22.62,0,1,0,1,0,0
0.6912943871706758,0.3209710047201618,0.1,0.0999999999999999,0.6469431964056481,0.1140000000000001,0.907815631262525,0.7040133779264214,0.2279999999999999,0.2791164658634537,0.7101183165728321,0.8222222222222222,83.94,0,1,0,0,0,1
0.7245131729667811,0.8597437626432906,0.8500000000000001,0.6666666666666666,0.9588414634146342,0.02,0.9316633266533066,0.1471571906354514,0.212,0.819277108433735,0.3995910194519093,0.4222222222222222,26.12,1,0,0,1,0,0
0.6437571592210767,0.0667565745111261,0.005,0.15,0.4232589858793324,0.8019999999999998,0.2817635270541082,0.6254180602006688,0.412,0.2329317269076305,0.5137650935710203,0.7999999999999998,83.25,1,0,1,0,0,1
0.8754295532646048,0.932569116655428,0.405,0.25,0.8012275353016688,0.3780000000000001,0.0976953907815631,0.7257525083612039,0.74,0.2008032128514055,0.0234849682421943,0.1222222222222222,31.41,0,1,0,0,0,0
0.6958762886597938,0.908968307484828,0.4750000000000001,0.7333333333333333,0.1503530166880615,0.1100000000000001,0.6286573146292584,0.3996655518394648,0.46,0.3072289156626505,0.454943233175659,0.0999999999999999,10.8,0,1,1,0,0,1
0.6500572737686139,0.5826028320971004,0.6800000000000002,0.5499999999999999,0.7431001283697046,0.536,0.2028056112224449,0.197324414715719,0.6520000000000001,0.5080321285140562,0.3574161670942924,0.5666666666666667,98.7,0,1,1,0,0,1
0.1377434135166094,0.7484828051247471,0.4650000000000001,0.0499999999999999,0.0157252888318356,0.056,0.672945891783567,0.2006688963210702,0.776,0.5140562248995985,0.5803632590358759,0.1666666666666666,87.77,0,1,0,1,0,0
0.9733676975945018,0.9035738368172622,0.185,0.0166666666666666,0.0589297175866494,0.808,0.0763527054108216,0.7792642140468228,0.8200000000000001,0.3052208835341364,0.7353462148019342,0.8222222222222222,78.06,1,0,0,0,1,0
0.959049255441008,0.4632501685772083,0.065,0.7666666666666665,0.0227455070603337,0.966,0.0,0.7056856187290969,0.1039999999999999,0.504016064257028,0.1196339036362383,0.5777777777777777,55.85,1,0,0,0,1,0
0.4037800687285223,0.971004720161834,0.6950000000000001,0.25,0.3789313222079589,0.516,0.5458917835671342,0.2742474916387959,0.2479999999999999,0.2991967871485943,0.964308441861125,0.3555555555555555,37.41,1,0,0,1,0,1
0.1872852233676976,0.923128792987188,0.7850000000000001,0.6333333333333332,0.9106627086007704,0.266,0.4219438877755511,0.0836120401337792,0.4559999999999999,0.5060240963855421,0.6159109241176923,0.0666666666666666,3.25,1,0,0,0,1,0
0.6494845360824741,0.908968307484828,0.8700000000000001,0.5666666666666668,0.4884467265725288,0.736,0.3496993987975952,0.6254180602006688,0.0239999999999999,0.825301204819277,0.999098135064914,0.9555555555555556,35.99,0,1,0,0,0,1
0.2288087056128293,0.6378961564396493,0.375,0.45,0.7678915275994865,0.3480000000000001,0.1652304609218436,0.294314381270903,0.6799999999999999,0.1164658634538151,0.6550599689515262,0.7222222222222221,64.4,1,0,0,0,0,1
0.4679266895761741,0.928523263654754,0.6400000000000001,0.2,0.7975369062901155,0.1340000000000001,0.8128256513026052,0.0334448160535116,0.1439999999999999,0.359437751004016,0.0631771586998553,0.8222222222222222,45.15,1,0,0,0,0,1
1.0,0.4841537424140256,0.2099999999999999,0.85,0.394576379974326,0.272,0.4907815631262525,0.8561872909698997,0.232,0.4236947791164659,0.443539201738066,0.8333333333333333,67.6,0,1,0,1,0,0
0.5360824742268042,0.5873229939312203,0.445,0.0166666666666666,0.4922175866495505,0.272,0.1382765531062124,0.5785953177257525,0.6719999999999999,0.5180722891566264,0.6141335408636015,0.6111111111111112,12.42,0,1,1,0,1,0
0.7915234822451316,0.4969656102494942,0.0949999999999999,0.3833333333333332,0.9339297175866496,0.2299999999999999,0.3198396793587174,0.7474916387959866,0.732,0.9136546184738952,0.3872344565098435,0.5111111111111111,46.74,1,0,0,0,0,1
0.9925544100801832,0.102494942683749,0.995,0.4166666666666666,0.7412146983311937,0.1759999999999999,0.082064128256513,0.6722408026755852,0.552,0.9096385542168676,0.6808147995022517,0.6333333333333333,65.26,1,0,1,0,0,0
0.1666666666666666,0.227242076871207,0.29,0.9333333333333332,0.6267650834403079,0.2119999999999999,0.8050100200400802,0.9247491638795988,0.4039999999999999,0.1706827309236946,0.3087823404712396,0.2222222222222222,20.14,0,1,0,0,0,0
0.5234822451317296,0.0660822656776803,0.6950000000000001,0.9666666666666668,0.4588815789473682,0.514,0.3840681362725451,0.8762541806020067,0.928,0.3975903614457831,0.8915978614654393,0.1999999999999999,45.79,1,0,1,0,1,0
0.5168957617411225,0.7774780849629129,0.91,0.9499999999999998,0.162106867779204,0.4419999999999999,0.6765531062124248,0.7541806020066889,0.504,0.0562248995983934,0.8018045405352822,0.8666666666666667,89.1,0,1,1,0,0,1
0.2889461626575028,0.451786918408631,0.175,0.9,0.8973844672657251,0.4780000000000002,0.1917835671342685,0.6806020066889632,0.212,0.2269076305220883,0.9730291717839902,0.0999999999999999,37.92,0,1,0,0,1,0
0.6993127147766323,0.5711395819285233,0.4000000000000001,0.2166666666666666,0.1891447368421052,0.28,0.9834669338677352,0.9648829431438124,0.8440000000000001,0.0662650602409637,0.8323929618055133,0.7555555555555555,93.86,1,0,0,1,1,0
0.1139747995418098,0.1638570465273094,0.925,0.5833333333333334,0.7303835044929395,0.1279999999999999,0.3794589178356713,0.55685618729097,0.508,0.3714859437751003,0.0939500062826545,0.6777777777777776,59.79,1,0,1,0,0,0
0.6325887743413516,0.4841537424140256,0.165,0.4666666666666667,0.9810654685494224,0.6400000000000001,0.2833667334669338,0.9481605351170568,0.3879999999999999,0.3895582329317268,0.6164459630904175,0.5666666666666667,29.04,0,1,1,0,0,1
0.6890034364261168,0.0512474713418745,0.7750000000000001,0.6666666666666666,0.9523427471116817,0.91,0.9765531062124247,0.454849498327759,0.708,0.9638554216867468,0.0,0.7888888888888888,5.4,0,1,1,0,0,1
0.0564146620847652,0.9656102494942684,0.9050000000000002,0.0166666666666666,0.8697849807445442,0.5180000000000002,0.5055110220440882,0.1655518394648829,0.196,0.2791164658634537,0.5558061861854559,0.4777777777777777,27.62,0,1,1,0,1,0
0.8788659793814435,0.9635873229939312,0.2199999999999999,0.2999999999999999,0.9076139281129652,0.27,0.3456913827655311,0.6404682274247492,0.5680000000000001,0.8795180722891566,0.6116792522425023,0.4888888888888889,7.39,1,0,0,0,0,1
0.5721649484536082,0.2454484153742413,0.3400000000000001,0.35,0.933127406931964,0.8619999999999999,0.6494989979959919,0.1555183946488293,0.076,0.3554216867469878,0.5707893040845361,0.7222222222222221,2.4,0,1,1,0,0,1
0.3078465063001145,0.8887390424814564,0.135,0.1166666666666667,0.9375,0.2079999999999999,0.1480961923847695,0.535117056856187,0.048,0.6204819277108432,0.4522538516726048,0.6444444444444444,28.39,1,0,0,1,1,0
0.0650057273768614,0.0431557653405259,0.1150000000000001,0.0666666666666667,0.7618741976893452,0.486,0.3429859719438878,0.4180602006688961,0.928,0.9116465863453814,0.7158395855879957,0.8888888888888888,31.96,0,1,0,1,1,0
0.2926689576174112,0.4416722859069453,0.02,0.2999999999999999,0.5032092426187419,0.056,0.4914829659318637,0.9280936454849495,0.1039999999999999,0.7650602409638555,0.4088548949986015,0.6555555555555557,26.02,0,1,1,0,0,0
0.6397479954180985,0.394470667565745,0.0150000000000001,0.9499999999999998,0.2300625802310653,0.004,0.3842685370741482,0.2123745819397993,0.3679999999999999,0.9397590361445785,0.6208742212548285,0.6444444444444444,88.36,0,1,1,0,0,0
0.4392898052691867,0.2326365475387727,0.3050000000000001,0.4166666666666666,0.6151315789473683,0.7680000000000002,0.2424849699398797,0.1872909698996654,0.2039999999999999,0.9357429718875502,0.1623478482921312,0.3444444444444444,48.59,1,0,1,0,0,1
0.1134020618556701,0.0937289278489548,0.8550000000000002,0.1666666666666666,0.7352775994865212,0.2079999999999999,0.4753507014028056,0.3846153846153847,0.1039999999999999,0.6726907630522089,0.8553368110866559,0.0999999999999999,35.76,1,0,0,1,0,1
0.7571592210767468,0.899527983816588,0.9050000000000002,0.4333333333333332,0.8231707317073168,0.7180000000000002,0.0716432865731462,0.923076923076923,0.544,0.4618473895582328,0.5862567943869548,0.1777777777777777,15.97,1,0,1,0,1,0
0.395475372279496,0.3041132838840189,0.51,0.45,0.9155568035943517,0.4680000000000002,0.2772545090180361,0.8444816053511705,1.0,0.6485943775100401,0.2491356283262602,0.2333333333333333,5.77,0,1,1,0,0,0
0.602520045819015,0.2859069453809845,0.94,0.2,0.3571084724005134,0.994,0.1889779559118236,0.4481605351170569,0.312,0.8112449799196787,0.3029941915844855,0.1666666666666666,93.31,1,0,0,0,0,0
0.1420389461626575,0.1368846931894808,0.8250000000000002,0.4999999999999999,0.737604300385109,0.962,0.7929859719438878,0.1555183946488293,0.42,0.4959839357429717,0.7013813733477632,0.9666666666666666,28.51,1,0,0,1,0,1
0.8994845360824744,0.9912339851652056,0.1400000000000001,0.2833333333333333,0.8229701540436455,0.3940000000000001,0.0572144288577154,0.9130434782608696,0.524,0.0281124497991966,0.4339551134728487,0.8333333333333333,39.44,1,0,1,0,0,1
0.4633447880870562,0.1517194875252865,0.6000000000000001,0.8666666666666666,0.033456354300385,0.284,0.9475951903807616,0.2692307692307693,0.3999999999999999,0.327309236947791,0.2591736890531836,0.3888888888888889,85.18,1,0,1,0,1,0
0.7351088201603666,0.3857046527309506,0.385,0.0999999999999999,0.1182204749679075,0.914,0.9399799599198396,0.5769230769230768,0.2199999999999999,0.6305220883534136,0.5917085172529802,0.8666666666666667,45.37,1,0,0,0,0,1
0.7826460481099657,0.320296695886716,0.585,0.3833333333333332,1.0,0.4780000000000002,0.680060120240481,0.637123745819398,0.3,0.3835341365461847,0.502462395272201,0.2444444444444444,19.87,0,1,1,0,1,0
0.0257731958762886,0.2609575185434929,0.5700000000000001,0.7166666666666667,0.6694078947368421,0.1859999999999999,0.4666332665330661,0.197324414715719,0.9240000000000002,0.5582329317269076,0.3893806923890706,0.9222222222222224,90.4,1,0,1,0,0,0
0.4166666666666666,0.5273095077545517,0.7350000000000001,0.0333333333333333,0.1699695121951219,0.6159999999999999,0.4411823647294589,0.2090301003344481,0.064,0.9156626506024096,0.3619437317347017,0.4111111111111111,4.91,1,0,1,0,0,1
0.1523482245131729,0.6918408631153067,0.235,0.7666666666666665,0.7068356867779203,0.7480000000000002,0.691382765531062,0.709030100334448,0.548,0.6787148594377509,0.5257365905857461,0.211111111111111,21.76,1,0,1,0,0,1
0.0297823596792669,0.6561024949426838,0.945,0.0166666666666666,0.2703385750962772,0.7040000000000002,0.872444889779559,0.1889632107023411,0.072,0.006024096385542,0.213768336231461,0.0666666666666666,35.94,0,1,0,0,0,1
0.9126575028636884,0.5205664194200944,0.6550000000000002,0.9333333333333332,0.1818437098844672,0.936,0.5400801603206412,0.8578595317725753,0.1679999999999999,0.2710843373493975,0.1926667234132243,0.6555555555555557,14.08,1,0,0,1,0,0
0.9556128293241696,0.8718813216453135,0.7750000000000001,0.4166666666666666,0.9847560975609756,0.264,0.6620240480961923,0.1287625418060199,0.6040000000000001,0.6907630522088352,0.0884557234983442,0.3,64.15,1,0,0,0,0,1
0.1666666666666666,0.074173971679029,0.7450000000000001,0.0833333333333333,0.2926428112965339,0.6380000000000001,0.4983967935871743,0.1354515050167224,0.52,0.3393574297188754,0.5856873021470466,0.5333333333333332,98.95,1,0,1,0,1,0
0.8035509736540665,0.047875927174646,0.9350000000000004,0.2166666666666666,0.4884467265725288,0.072,0.5622244488977955,0.4966555183946487,0.412,0.0341365461847389,0.8796223111251625,0.7999999999999998,63.3,1,0,0,0,0,1
0.6171248568155785,0.8725556304787593,0.2750000000000001,0.2,0.6984114249037227,0.1879999999999999,0.0906813627254508,0.0953177257525083,0.768,0.0261044176706826,0.2882562998812375,0.1333333333333333,75.49,0,1,0,1,0,0
0.4080756013745705,0.6203641267700606,0.75,0.4333333333333332,0.9556723363286262,0.9380000000000002,0.6808617234468938,0.9966555183946488,0.0039999999999999,0.0080321285140561,0.065625367332628,0.9444444444444444,60.48,0,1,1,0,0,0
0.3261741122565864,0.9919082939986512,0.47,0.2333333333333334,0.7227214377406931,0.75,0.3797595190380761,0.7876254180602006,0.8680000000000001,0.8313253012048193,0.0704589580521338,0.7888888888888888,40.12,1,0,1,0,0,1
0.7809278350515465,0.7741065407956843,0.365,0.7666666666666665,0.5223844672657253,0.8580000000000001,0.7831663326653305,0.6705685618729097,0.24,0.57429718875502,0.8938089505534815,0.6222222222222222,83.18,1,0,0,1,0,1
0.5867697594501717,0.1436277815239379,0.6699999999999999,0.9833333333333332,0.6059050064184851,0.4580000000000002,0.2932865731462926,0.0903010033444815,0.2279999999999999,0.5542168674698794,0.7540705521845397,0.8777777777777778,79.37,1,0,0,1,0,1
0.1715349369988545,0.4342548887390425,0.47,0.7833333333333331,0.4059290757381256,0.8659999999999999,0.2750501002004008,0.9882943143812708,0.088,0.4979919678714858,0.5885894832415254,0.4444444444444445,54.84,1,0,0,1,0,1
0.4742268041237114,0.2110586648685097,0.845,0.35,0.3564265083440306,0.916,0.9769539078156312,0.8996655518394648,1.0,0.8694779116465864,0.7044841940570141,0.2888888888888888,95.3,0,1,0,0,1,0
0.3230240549828178,0.4841537424140256,0.385,0.0333333333333333,0.2452262516046213,0.496,0.646192384769539,0.0183946488294314,0.928,0.5983935742971885,0.8349729035186919,0.1888888888888888,62.75,0,1,0,0,1,0
0.0532646048109965,0.3101820633850303,0.8850000000000002,0.6,0.2871870988446725,0.94,0.7882765531062124,0.7357859531772574,0.8880000000000001,0.7710843373493975,0.2855284117854493,0.5888888888888888,84.23,1,0,0,0,0,0
0.1941580756013745,0.9946055293324342,0.2300000000000001,0.4,0.7205551989730422,0.026,0.8278557114228456,0.5785953177257525,0.8800000000000001,0.5421686746987951,0.0251285917531038,0.4888888888888889,89.67,0,1,0,0,0,0
0.6809851088201604,0.3479433580579906,0.3150000000000001,0.6833333333333332,0.2153000641848523,0.4199999999999999,0.1879759519038076,0.0066889632107023,0.9720000000000002,0.431726907630522,0.970323576978732,0.1444444444444444,58.74,1,0,0,0,0,0
0.9043528064146622,0.7329737019554957,0.8,0.0999999999999999,0.7704188061617457,0.1999999999999999,0.8853707414829659,0.3979933110367891,0.688,0.7730923694779114,0.5101637138190027,0.4222222222222222,41.98,0,1,0,0,1,0
0.4175257731958763,0.8408631153068106,0.625,0.7333333333333333,0.3492458279845957,0.9440000000000002,0.7101202404809619,0.4214046822742473,0.428,0.9196787148594378,0.5761214538468086,0.711111111111111,41.7,1,0,0,1,0,1
0.5435280641466207,0.7484828051247471,0.56,0.8666666666666666,0.5943918485237484,0.1379999999999999,0.1854709418837675,0.3578595317725751,0.9200000000000002,0.4598393574297187,0.8748211470100644,0.0777777777777777,68.67,0,1,0,0,0,0
0.8694158075601375,0.686446392447741,0.3800000000000001,0.1333333333333333,0.8177952503209241,0.942,0.3884769539078156,0.7290969899665553,0.412,0.502008032128514,0.8370259129102472,0.0888888888888888,53.03,1,0,1,0,0,0
0.6500572737686139,0.1301416048550236,0.185,0.5333333333333333,0.504252246469833,0.4099999999999999,0.4271543086172344,0.1705685618729095,0.256,0.4919678714859438,0.061782814710329,0.3555555555555555,21.04,1,0,1,0,0,1
0.770332187857961,0.0546190155091032,0.72,0.5166666666666665,0.7276155327342747,0.484,0.4838677354709419,0.1254180602006689,0.904,0.3734939759036144,0.5821102423483346,0.211111111111111,36.89,0,1,1,0,1,0
0.4095074455899197,0.720161834120027,0.925,0.8166666666666668,0.9324855584082156,0.266,0.1181362725450901,0.535117056856187,0.0439999999999999,0.674698795180723,0.2386435951376306,0.4555555555555554,65.56,0,1,0,0,1,0
0.3038373424971363,0.9359406608226568,0.12,0.9333333333333332,0.6849727214377405,0.532,0.0321643286573146,0.4749163879598662,0.408,0.1606425702811245,0.6563833797439108,0.9666666666666666,56.22,1,0,0,1,0,1
0.4713631156930125,0.0411328388401888,0.8800000000000001,0.45,0.5897785622593067,0.1400000000000001,0.0028056112224448,0.2441471571906355,0.704,0.0983935742971886,0.9096675867715668,0.211111111111111,20.46,1,0,1,0,1,0
0.9017754868270332,0.4457181389076197,0.2750000000000001,0.4,0.387997432605905,0.286,0.2685370741482966,0.862876254180602,0.068,0.6787148594377509,0.1712469245392382,0.3444444444444444,6.15,0,1,0,0,0,1
0.8187285223367697,0.4605529332434255,0.3800000000000001,0.6333333333333332,0.6523989088575096,0.6600000000000001,0.275751503006012,0.94314381270903,0.212,0.3734939759036144,0.2824762576455853,0.9333333333333332,82.84,1,0,0,0,1,0
0.4332760595647193,0.6230613621038436,0.8550000000000002,0.2166666666666666,0.0269175224646982,0.3840000000000001,0.885571142284569,0.5050167224080268,0.532,0.6927710843373492,0.5742285508145157,0.0555555555555555,56.09,0,1,1,0,0,0
0.4845360824742268,0.1894807821982468,0.025,0.35,0.3269014762516045,0.4019999999999999,0.5045090180360721,0.8010033444816053,0.904,0.1767068273092368,0.3967212649618379,0.0222222222222222,64.59,1,0,0,1,0,0
0.9043528064146622,0.0485502360080916,0.3500000000000001,0.3666666666666666,0.0369062901155327,0.6480000000000001,0.1416833667334669,0.3461538461538461,0.98,0.931726907630522,0.2601100072554527,0.311111111111111,54.03,1,0,1,0,1,0
0.2167812142038946,0.26298044504383,0.8300000000000001,0.1666666666666666,0.2989008344030809,0.92,0.7561122244488977,0.7341137123745819,0.4559999999999999,0.7028112449799194,0.5654105410784277,0.0666666666666666,57.65,1,0,1,0,0,1
0.236254295532646,0.5340525960890088,0.955,0.2833333333333333,0.4880455712451862,0.4000000000000001,0.8985971943887774,0.0702341137123745,0.5680000000000001,0.8473895582329315,0.989151274162887,0.7,37.99,1,0,1,0,0,0
0.5747422680412371,0.4639244774106541,0.635,0.2999999999999999,0.1822448652118099,0.6159999999999999,0.2336673346693386,0.0785953177257524,0.0,0.6084337349397589,0.3611817065311234,0.7555555555555555,37.52,1,0,1,0,1,0
0.5601374570446735,0.6021577882670263,0.425,0.6333333333333332,0.1912307445442875,0.512,0.7176352705410821,0.3678929765886288,0.412,0.1626506024096385,0.616293963382257,0.1222222222222222,50.08,1,0,1,0,1,0
0.3052691867124856,0.923128792987188,0.135,0.5833333333333334,0.1965259948652117,0.1159999999999998,0.0950901803607214,0.7675585284280936,0.26,0.5702811244979918,0.4921345217683848,0.8666666666666667,76.58,0,1,1,0,0,1
0.2116265750286369,0.9649359406608226,0.05,0.5833333333333334,0.178313543003851,0.6459999999999999,0.9004008016032063,0.2976588628762541,0.4039999999999999,0.0441767068273091,0.5753999618987398,0.6000000000000001,61.8,1,0,0,1,0,1
0.2554410080183276,0.6655428186109239,0.06,0.9666666666666668,0.6712532092426186,0.316,0.7739478957915831,0.0133779264214046,0.376,0.8975903614457831,0.2619157637884001,0.6666666666666665,36.01,1,0,0,1,1,0
0.7986827033218784,0.2980445043830073,0.8500000000000001,0.7666666666666665,0.297055519897304,0.4259999999999999,0.1857715430861723,0.1103678929765886,0.724,0.2670682730923693,0.8205552245339688,1.0,7.66,0,1,0,1,0,0
0.9587628865979384,0.0876601483479432,0.9500000000000002,0.7666666666666665,0.1285702824133504,0.1959999999999999,0.2753507014028056,0.6772575250836118,0.748,0.7389558232931727,0.6525084005172044,0.1333333333333333,4.29,1,0,1,0,0,0
0.9404352806414662,0.4349291975724881,0.975,0.6833333333333332,0.1234756097560975,0.326,0.657815631262525,0.6505016722408027,0.232,0.1746987951807227,0.2755491242790147,0.7888888888888888,24.19,0,1,0,1,1,0
0.3914662084765177,0.8064733648010788,0.7850000000000001,0.9666666666666668,0.9492137355584082,0.8759999999999999,0.5871743486973947,0.3377926421404681,0.524,0.7730923694779114,0.1025592697528687,0.7,89.61,0,1,0,1,0,0
0.3963344788087056,0.5576534052596089,0.035,0.0999999999999999,0.6316992939666238,0.1999999999999999,0.4537074148296594,0.9381270903010034,0.8640000000000001,0.0622489959839357,0.056768851003806,0.1444444444444444,11.64,0,1,0,0,0,1
0.4556128293241695,0.1759946055293324,0.3400000000000001,0.25,0.96818838254172,0.4359999999999999,0.2696392785571142,0.1036789297658862,0.3479999999999999,0.9036144578313252,0.7100007701318546,0.1444444444444444,1.26,0,1,0,1,0,0
0.4329896907216494,0.946729602157788,0.4199999999999999,0.6333333333333332,0.3978658536585365,0.274,0.985370741482966,0.4096989966555183,0.8959999999999999,0.2289156626506023,0.2116606069449679,0.0333333333333333,65.17,0,1,0,0,0,1
0.172680412371134,0.0134861766689143,0.4750000000000001,0.15,0.1560093068035942,0.6780000000000002,0.2587174348697394,0.8411371237458195,0.516,0.6084337349397589,0.3198053593070434,0.2222222222222222,15.9,1,0,0,1,0,0
0.1188430698739977,0.2993931220498989,0.7300000000000002,0.2833333333333333,0.0293244544287547,0.6080000000000001,0.5809619238476953,0.8695652173913041,0.1639999999999999,0.9497991967871484,0.0481413475686126,0.5666666666666667,78.07,1,0,0,1,0,0
0.1025200458190148,0.1968981793661496,0.235,0.45,0.044849165596919,0.5,0.9299599198396792,0.0234113712374581,0.6320000000000001,0.8373493975903613,0.3113339089055615,0.1333333333333333,4.33,1,0,1,0,0,1
0.7162084765177548,0.0593391773432231,0.6200000000000001,0.5166666666666665,0.096838896020539,0.706,0.3109218436873747,0.1806020066889632,0.284,0.5461847389558231,0.5797856601448659,0.1666666666666666,93.66,0,1,1,0,0,1
0.2880870561282932,0.9217801753202968,0.4950000000000001,0.15,0.9947849807445442,0.2040000000000001,0.2736472945891783,0.5284280936454849,0.0279999999999999,0.8273092369477911,0.4513013201681319,0.3555555555555555,44.0,1,0,0,1,0,1
0.8656930126002291,0.0384356035064059,0.04,0.5499999999999999,0.4973523748395377,0.98,0.2943887775551102,0.5903010033444817,0.508,0.5361445783132529,0.6596523868007507,0.5333333333333332,0.69,0,1,0,0,0,0
0.0546964490263459,0.7309507754551584,0.5250000000000001,0.1666666666666666,0.2258905648267009,0.098,0.4594188376753507,0.5953177257525083,0.5800000000000001,0.9638554216867468,0.2947862073438152,0.7666666666666666,72.31,0,1,0,1,0,0
0.2588774341351661,0.2204989885367497,0.02,0.5833333333333334,0.1495105905006418,0.012,0.1045090180360721,0.3127090301003343,0.6679999999999999,0.2008032128514055,0.8883025077925183,0.2888888888888888,33.12,0,1,0,1,0,0
0.6689576174112257,0.227242076871207,0.3800000000000001,0.6833333333333332,0.3381739409499357,0.058,0.5605210420841683,0.7709030100334447,0.744,0.6224899598393573,0.7655718634353554,0.1999999999999999,73.4,1,0,0,0,1,0
0.86368843069874,0.968981793661497,0.375,0.2166666666666666,0.9162788831835684,0.1440000000000001,0.2973947895791583,0.2023411371237458,0.5640000000000001,0.4076305220883532,0.2859580642938499,0.7666666666666666,66.41,1,0,0,0,0,0
0.4427262313860251,0.1867835468644638,0.4500000000000002,0.15,0.5597320282413351,0.6640000000000001,0.0619238476953907,0.8729096989966555,0.184,0.2248995983935742,0.6613385702299451,0.4666666666666666,49.94,0,1,0,0,1,0
0.8505154639175259,0.1335131490222522,0.5800000000000001,0.8833333333333334,0.47400513478819,0.746,0.8057114228456913,0.7374581939799331,0.9240000000000002,0.4457831325301203,0.1715529506183348,0.0444444444444444,24.65,0,1,0,0,0,1
0.9126575028636884,0.8489548213081591,0.125,0.0999999999999999,0.5900994865211809,0.532,0.2663326653306613,0.9013377926421404,0.928,0.4016064257028112,0.8910243158999801,0.3888888888888889,73.68,1,0,0,0,0,0
0.4381443298969071,0.1699258260283209,0.54,0.2666666666666666,0.1842907573812578,0.904,0.5519038076152304,0.8010033444816053,0.776,0.0,0.8865798444333652,0.7777777777777777,26.87,1,0,0,0,0,0
0.5005727376861397,0.6682400539447065,0.02,0.65,0.2407734274711168,0.8659999999999999,0.75250501002004,0.108695652173913,0.1039999999999999,0.2911646586345381,0.1240398685101191,0.7444444444444445,98.68,0,1,0,0,0,1
0.8671248568155785,0.9602157788267026,0.6550000000000002,0.8000000000000002,0.8002246469833117,0.962,0.809819639278557,0.362876254180602,0.4759999999999999,0.2429718875502008,0.1542898370968461,0.3555555555555555,67.31,0,1,0,1,0,0
0.1812714776632302,0.8118678354686445,0.135,0.4666666666666667,0.9403883183568676,0.1859999999999999,0.9793587174348696,0.9966555183946488,0.556,0.1686746987951806,0.3149900085525169,0.4222222222222222,30.93,0,1,1,0,0,1
0.2972508591065292,0.9251517194875252,0.7949999999999999,0.15,0.2881097560975609,0.7480000000000002,0.8590180360721443,0.1387959866220735,0.5959999999999999,0.4397590361445783,0.4852134683901406,0.7888888888888888,59.32,0,1,0,1,1,0
0.1179839633447881,0.6142953472690491,0.6950000000000001,0.2999999999999999,0.8978658536585366,0.2040000000000001,0.8985971943887774,0.7040133779264214,0.8320000000000001,0.7008032128514056,0.4276684055433279,0.3333333333333333,73.41,1,0,0,1,1,0
0.3888888888888889,0.7592717464598785,0.06,0.8000000000000002,0.2145779845956353,0.1620000000000001,0.120440881763527,0.2341137123745819,0.8320000000000001,0.538152610441767,0.2676998593496034,0.1888888888888888,76.95,0,1,0,1,0,1
0.6111111111111112,0.6001348617666891,0.6100000000000001,0.85,0.1231145699614889,0.534,0.5741482965931863,0.3979933110367891,0.528,0.4999999999999999,0.7592770488547328,0.1444444444444444,2.96,1,0,1,0,1,0
0.1778350515463918,0.109912339851652,0.7150000000000001,0.85,0.7231627086007703,0.912,0.8912825651302605,0.7792642140468228,0.9000000000000001,0.1666666666666665,0.7315745953767768,0.7555555555555555,15.4,0,1,1,0,0,0
0.5733104238258877,0.6952124072825353,0.145,0.9333333333333332,0.2846197047496789,0.6559999999999999,0.6074148296593186,0.637123745819398,0.8800000000000001,0.2951807228915661,0.7492166948372792,0.6000000000000001,7.61,1,0,0,1,1,0
0.0137457044673539,0.4861766689143627,0.4099999999999999,0.2833333333333333,0.9920170089858792,0.3980000000000001,0.7897795591182364,0.2090301003344481,0.2479999999999999,0.5682730923694778,0.001915196322823,0.0222222222222222,14.22,1,0,1,0,1,0
0.9825315005727376,1.0,0.4750000000000001,0.9666666666666668,0.3958600770218228,0.026,0.2241482965931863,0.9464882943143812,0.0119999999999999,0.5461847389558231,0.0737178317950962,0.2888888888888888,8.81,0,1,0,0,0,0
0.7070446735395188,0.786918408631153,0.415,0.2999999999999999,0.3688222079589216,0.082,0.6344689378757514,0.1739130434782608,0.764,0.1887550200803212,0.2267268180178427,0.9555555555555556,10.54,1,0,0,1,0,0
0.2233676975945017,0.0748482805124747,0.06,0.2999999999999999,0.7377246469833117,0.2059999999999999,0.2991983967935872,0.9063545150501672,0.6399999999999999,0.9216867469879516,0.9120144622655656,0.0666666666666666,95.5,0,1,0,1,0,0
0.4707903780068728,0.8927848954821308,0.71,0.0666666666666667,0.1468629653401796,0.008,0.631563126252505,0.4481605351170569,0.136,0.9598393574297188,0.529228530547888,0.2444444444444444,50.06,1,0,0,1,0,0
0.0140320733104238,0.607552258934592,0.895,0.2,0.9970314505776636,0.2099999999999999,0.570941883767535,0.4799331103678929,0.772,0.4899598393574297,0.3353518894577055,0.9555555555555556,56.84,0,1,0,0,1,0
0.440721649484536,0.614969656102495,0.0699999999999999,0.9499999999999998,0.5743741976893452,0.5080000000000002,0.8404809619238476,0.8662207357859532,0.524,0.9297188755020082,0.0628184393885963,0.1111111111111111,59.68,1,0,0,0,0,0
0.3376288659793814,0.8530006743088333,0.595,0.6333333333333332,0.3268212451861361,0.2159999999999999,0.5373747494989979,0.9464882943143812,0.5959999999999999,0.0180722891566263,0.9646874278001386,0.8333333333333333,88.35,0,1,1,0,0,0
0.0710194730813287,0.5731625084288603,0.5650000000000002,0.8833333333333334,0.5586087933247753,0.96,0.0481963927855711,0.0969899665551838,0.0439999999999999,0.184738955823293,0.5408757615185379,0.6444444444444444,4.56,1,0,1,0,1,0
0.8656930126002291,0.7012811867835468,0.8899999999999999,0.0833333333333333,0.799943838254172,0.8800000000000001,0.0440881763527054,1.0,0.3,0.2108433734939758,0.4141059782498551,0.0111111111111111,88.59,1,0,0,1,0,0
0.4547537227949599,0.8031018206338502,0.77,0.9166666666666666,0.5338575096277277,0.1,0.5892785571142284,0.7792642140468228,0.0919999999999999,0.1706827309236946,0.0102042470745122,0.5888888888888888,88.67,1,0,0,0,1,0
0.5286368843069873,0.3229939312204989,0.4750000000000001,0.0333333333333333,0.9705953145057764,0.092,0.1629258517034068,0.5117056856187291,0.428,0.8755020080321284,0.3043297623535229,0.7222222222222221,42.33,1,0,1,0,0,1
0.97766323024055,0.8914362778152395,0.595,0.9499999999999998,0.6131258023106546,0.6219999999999999,0.6298597194388778,0.8260869565217391,0.312,0.3092369477911646,0.0305377547008443,0.8111111111111111,26.33,1,0,0,0,0,1
0.627147766323024,0.215104517869184,0.75,0.0999999999999999,0.1808408215661103,0.8319999999999999,0.9120240480961924,0.0652173913043477,0.312,0.6305220883534136,0.9395243827798516,0.5666666666666667,82.1,0,1,0,0,0,0
0.377434135166094,0.899527983816588,0.2550000000000001,0.9,0.0750962772785622,0.1579999999999999,0.6639278557114228,0.9966555183946488,0.9320000000000002,0.5080321285140562,0.5273842674222065,0.5777777777777777,79.23,0,1,0,1,0,0
0.1921534936998855,0.6196898179366149,0.31,0.0999999999999999,0.2056723363286264,0.022,0.8860721442885771,0.3745819397993309,0.78,0.6566265060240962,0.1917851251058931,0.3999999999999999,44.55,0,1,0,0,0,0
0.7660366552119129,0.1341874578556979,0.5750000000000002,0.7499999999999999,0.0285221437740692,0.544,0.0501002004008016,0.6204013377926422,0.8840000000000001,0.393574297188755,0.4352542043119277,0.977777777777778,45.6,1,0,1,0,0,0
0.470217640320733,0.114632501685772,0.1550000000000001,0.0333333333333333,0.2260911424903723,0.986,0.3288577154308617,0.2491638795986621,0.6679999999999999,0.674698795180723,0.9688035798971264,0.7333333333333332,11.0,0,1,0,1,1,0
0.1062428407789232,0.2204989885367497,0.3,0.4833333333333333,0.3907654043645699,0.922,0.8871743486973946,0.7491638795986623,0.6599999999999999,0.2028112449799196,0.6016249782133751,0.1444444444444444,45.27,0,1,0,1,0,0
0.299828178694158,0.896830748482805,0.55,0.4666666666666667,0.5758183568677792,0.484,0.7560120240480962,0.4197324414715718,0.776,0.7610441767068273,0.2756301907900336,0.0999999999999999,85.1,1,0,1,0,1,0
0.5810423825887743,0.0782198246797032,0.7650000000000001,0.8833333333333334,0.5583279845956354,0.1940000000000001,0.8134268537074147,0.8963210702341137,0.808,0.2108433734939758,0.2154261463817989,0.4555555555555554,15.75,1,0,1,0,0,0
0.2434135166093928,0.4868509777478084,0.865,0.2999999999999999,0.9746870988446726,0.4980000000000002,0.1739478957915831,0.6672240802675585,0.8680000000000001,0.4779116465863452,0.8917012212669885,0.7777777777777777,11.43,0,1,0,0,1,0
0.7594501718213058,0.6358732299393122,0.31,0.15,0.4400673940949934,0.066,0.2226452905811623,0.9648829431438124,0.152,0.2730923694779116,0.1372881630733935,0.911111111111111,92.48,1,0,1,0,1,0
0.3402061855670103,0.3843560350640592,0.8150000000000002,0.2166666666666666,0.1186216302952503,0.502,0.6468937875751503,0.6003344481605352,0.712,0.0542168674698794,0.4274454726380258,0.2333333333333333,75.91,1,0,0,1,1,0
0.2365406643757159,0.1881321645313552,0.32,0.2666666666666666,0.4031209884467265,0.696,0.8634268537074148,0.1588628762541806,0.5680000000000001,0.6626506024096385,0.5398320301891687,0.0666666666666666,63.98,0,1,1,0,1,0
0.4770904925544101,0.4760620364126769,0.4300000000000001,0.9,0.4562740693196404,0.2199999999999999,0.2286573146292584,0.1304347826086955,0.556,0.3232931726907631,0.5771246519206683,0.9333333333333332,95.56,0,1,0,0,0,1
0.9518900343642612,0.3728927848954821,0.03,0.8833333333333334,0.2242057124518612,0.5980000000000001,0.938877755511022,0.7458193979933111,0.8320000000000001,0.4236947791164659,0.4585101596604934,0.0555555555555555,66.87,0,1,0,0,0,0
0.7207903780068727,0.784895482130816,0.81,0.4333333333333332,0.1689666238767651,0.796,0.645190380761523,0.2575250836120401,0.392,0.2971887550200802,0.9155915220642776,0.7999999999999998,88.25,0,1,0,0,0,1
0.6563573883161511,0.2447741065407956,0.5650000000000002,0.8000000000000002,0.964096598202824,0.006,0.5241482965931863,0.4531772575250835,0.416,0.504016064257028,0.4026695202078545,0.3444444444444444,11.48,0,1,0,0,1,0
0.5240549828178693,0.7821982467970329,0.415,0.3666666666666666,0.1420089858793324,0.5940000000000001,0.8290581162324648,0.5618729096989966,0.1639999999999999,0.6626506024096385,0.0281118393586017,0.8333333333333333,92.15,0,1,1,0,0,1
0.0956471935853379,0.3796358732299393,0.945,0.5833333333333334,0.344632541720154,0.6259999999999999,0.911623246492986,0.2725752508361203,0.504,0.9598393574297188,0.1708213253563886,0.7222222222222221,61.45,1,0,0,0,0,0
0.6305841924398625,0.8927848954821308,0.16,0.4666666666666667,0.3331996148908858,0.4280000000000001,0.1827655310621242,0.2157190635451504,0.768,0.4779116465863452,0.5136657870950221,0.8999999999999999,24.0,1,0,1,0,1,0
0.7691867124856815,0.4443695212407282,0.4599999999999999,0.2833333333333333,0.2851813222079588,0.038,0.5319639278557113,0.3076923076923076,0.1879999999999999,0.1204819277108433,0.3459817357150674,0.8999999999999999,51.64,0,1,0,0,1,0
0.6099656357388317,0.4699932569116655,0.72,0.1166666666666667,0.3404204107830552,0.4159999999999999,0.4600200400801603,0.0668896321070233,0.064,0.0823293172690763,0.1386946670395726,0.0,30.19,1,0,0,1,1,0
0.6030927835051547,0.6682400539447065,0.125,0.5166666666666665,0.9293966623876764,0.9540000000000002,0.1263527054108216,0.8963210702341137,0.5759999999999998,0.7530120481927708,0.1490022739156341,0.7333333333333332,7.11,1,0,1,0,1,0
0.0137457044673539,0.1200269723533378,0.425,0.0166666666666666,0.4624117458279845,0.522,0.6222444889779558,0.0986622073578594,0.18,0.6144578313253012,0.6581668429863281,0.0222222222222222,54.04,0,1,0,1,1,0
0.7757731958762886,0.2353337828725555,0.7300000000000002,0.25,0.3955391527599485,0.9840000000000002,0.244689378757515,0.3762541806020066,0.3,0.1084337349397589,0.489335700475455,0.3777777777777778,69.49,1,0,0,1,0,1
0.3356242840778923,0.8044504383007417,0.005,0.3333333333333333,0.3984274711168164,0.5380000000000003,0.9211422845691382,0.3461538461538461,0.3479999999999999,0.7389558232931727,0.4515384397128624,0.2222222222222222,45.24,0,1,1,0,1,0
0.2216494845360824,0.6871207012811867,0.5550000000000002,0.2166666666666666,0.2914393453145056,0.7280000000000002,0.951503006012024,0.6488294314381272,0.9720000000000002,0.5461847389558231,0.8552476379245352,0.977777777777778,2.92,1,0,0,1,0,1
0.861397479954181,0.77950101146325,0.245,0.7666666666666665,0.0117939666238766,0.2179999999999999,0.064629258517034,0.7809364548494983,0.756,0.8152610441767069,0.0023691687845292,0.4999999999999999,70.48,0,1,0,0,0,1
0.3373424971363115,0.3708698583951448,0.3699999999999999,0.9666666666666668,0.232790436456996,0.8180000000000001,0.7090180360721442,0.003344481605351,0.992,0.757028112449799,0.6825070629197725,0.3999999999999999,55.52,0,1,1,0,0,0
0.4550400916380298,0.7680377612946728,0.8150000000000002,0.65,0.4182846598202824,0.9880000000000002,0.3067134268537074,0.5150501672240803,0.52,0.4277108433734938,0.1196784902172987,0.3555555555555555,21.52,0,1,1,0,0,1
0.666093928980527,0.2818610923803102,0.2,0.9333333333333332,0.0176909499358151,0.4380000000000001,0.0210420841683366,0.483277591973244,0.5,0.321285140562249,0.1304583095200457,0.3777777777777778,67.23,1,0,1,0,0,0
0.0240549828178694,0.7457855697909642,0.2,0.9,0.5160462130937097,0.956,0.3832665330661323,0.9565217391304348,0.976,0.1285140562248995,0.1232150167605011,0.4222222222222222,41.39,1,0,0,1,0,0
0.979667812142039,0.0033715441672285,0.865,0.7499999999999999,0.8566672015404363,0.296,0.956312625250501,0.834448160535117,0.412,0.789156626506024,0.4252931567704723,0.3333333333333333,14.6,0,1,0,0,0,1
0.0504009163802978,0.2865812542144301,0.8500000000000001,0.0999999999999999,0.2163029525032092,0.4240000000000001,0.8433867735470941,0.2541806020066889,0.996,0.3554216867469878,0.3855584063945264,0.1222222222222222,68.02,1,0,0,1,0,0
0.9733676975945018,0.5927174645987862,0.8550000000000002,0.8666666666666666,0.1664794608472399,0.6699999999999999,0.5345691382765531,0.0451505016722407,0.184,0.1686746987951806,0.6198771031692952,0.1555555555555555,30.44,1,0,0,1,0,1
0.7239404352806413,0.7228590694538098,0.8150000000000002,0.85,0.0766206675224646,0.3440000000000001,0.6878757515030058,0.4983277591973244,0.192,0.5522088353413653,0.4066134059689272,0.3888888888888889,80.98,0,1,0,1,1,0
0.3436426116838488,0.3196223870532704,0.9300000000000002,0.9499999999999998,0.0397143774069319,0.536,0.662625250501002,0.2441471571906355,0.06,0.0742971887550199,0.7380538362699677,0.3666666666666666,56.42,1,0,0,0,0,1
0.4324169530355097,0.0613621038435603,0.01,0.7833333333333331,0.405086649550706,0.8140000000000001,0.337374749498998,0.6488294314381272,0.096,0.1887550200803212,0.470686349615542,0.4444444444444445,19.42,1,0,0,1,0,0
0.3943298969072165,0.1827376938637895,0.6050000000000002,0.45,0.5683167522464697,0.6140000000000001,0.1910821643286573,0.9214046822742477,0.8320000000000001,0.8293172690763052,0.531228846707281,0.8222222222222222,62.75,0,1,0,0,0,0
0.5876288659793814,0.8307484828051247,0.08,0.4833333333333333,0.631017329910141,0.8280000000000001,0.7844689378757513,0.2759197324414716,0.9400000000000002,0.1224899598393574,0.8758061051189447,0.9666666666666666,17.72,0,1,1,0,0,0
0.9221076746849944,0.5623735670937289,0.5300000000000002,0.45,0.214818677792041,0.284,0.5532064128256513,0.7424749163879597,0.14,0.5220883534136546,0.0281442659630093,0.1777777777777777,80.37,0,1,0,0,0,0
0.7978235967926688,0.5590020229265003,0.19,0.4833333333333333,0.9230584082156608,0.6180000000000001,0.7223446893787575,0.3361204013377926,0.1879999999999999,0.255020080321285,0.5327569504399885,0.2777777777777777,54.2,1,0,0,1,0,0
0.865979381443299,0.1456507080242751,0.7250000000000001,0.0833333333333333,0.4676267650834403,0.7280000000000002,0.0642284569138276,0.2040133779264212,0.792,0.1626506024096385,0.667544211648447,0.6444444444444444,52.04,1,0,0,1,0,0
0.168098510882016,0.6041807147673633,0.4850000000000001,0.7166666666666667,0.5121550064184851,0.4199999999999999,0.5266533066132264,0.434782608695652,0.036,0.680722891566265,0.963082310881963,0.4222222222222222,42.37,1,0,0,1,0,0
0.6961626575028637,0.9049224544841538,0.585,0.8166666666666668,0.8552631578947366,0.804,0.3775551102204409,0.8060200668896319,0.524,0.3413654618473895,0.2024433446421116,0.6888888888888889,30.45,0,1,0,0,1,0
0.217926689576174,0.648010788941335,0.47,0.7833333333333331,0.7054717586649552,0.5519999999999998,0.9718436873747494,0.3913043478260868,0.8760000000000001,0.4759036144578311,0.2207846427601525,0.6333333333333333,49.44,0,1,0,1,0,0
0.6343069873997709,0.0761968981793661,0.6900000000000002,0.0999999999999999,0.2293003851091142,0.6459999999999999,0.2828657314629259,0.5334448160535116,0.124,0.2008032128514055,0.7339964573934684,0.0333333333333333,11.18,0,1,0,1,0,1
0.4768041237113402,0.1469993256911665,0.2250000000000001,0.2333333333333334,0.7039473684210525,0.3740000000000001,0.00250501002004,0.382943143812709,0.5720000000000001,0.0522088353413654,0.550814515769463,0.7777777777777777,56.42,0,1,0,0,0,1
0.0174684994272623,0.877950101146325,0.635,0.8833333333333334,0.2157012195121951,0.696,0.9478957915831664,0.9983277591973242,0.324,0.6566265060240962,0.4112240637831308,0.9666666666666666,36.63,1,0,0,1,1,0
0.7408361970217641,0.0964261631827377,0.5800000000000001,0.6166666666666666,0.5929476893453144,0.536,0.0691382765531062,0.1956521739130433,0.9320000000000002,0.7730923694779114,0.565671980576464,0.5888888888888888,29.89,0,1,0,0,0,0
0.029495990836197,0.8503034389750505,0.7050000000000001,0.4,0.7982589858793324,0.054,0.3191382765531062,0.3411371237458193,0.1039999999999999,0.7429718875502006,0.7778878931219119,0.5777777777777777,41.79,1,0,0,1,1,0
0.7912371134020619,0.0984490896830748,0.835,0.4,0.262716623876765,0.5760000000000001,0.8232464929859719,0.7792642140468228,0.8880000000000001,0.9297188755020082,0.2367567720936642,0.4222222222222222,1.46,1,0,1,0,0,1
0.0458190148911798,0.0148347943358057,0.4199999999999999,0.1166666666666667,0.3702663671373555,0.6980000000000002,0.3357715430861723,0.3645484949832774,0.08,0.9056224899598394,0.8268155858474086,0.3777777777777778,55.71,0,1,0,1,0,1
0.5123138602520045,0.2616318273769387,0.9350000000000004,0.45,0.1270860077021822,0.4319999999999999,0.126753507014028,0.5033444816053513,0.56,0.3373493975903613,0.0697536794062688,0.9444444444444444,77.34,1,0,0,0,0,0
0.0896334478808705,0.1395819285232636,0.845,0.2,0.7278963414634144,0.2259999999999999,0.0876753507014028,0.9013377926421404,0.9000000000000001,0.6064257028112449,0.4613859941388912,0.5555555555555556,40.81,1,0,0,1,1,0
0.4195303550973654,0.8240053944706677,0.71,0.9166666666666666,0.3325577663671372,0.31,0.4635270541082164,0.0066889632107023,0.2079999999999999,0.2108433734939758,0.0591603130788655,0.4555555555555554,90.55,1,0,0,0,0,0
0.4713631156930125,0.0411328388401888,0.8800000000000001,0.45,0.5897785622593067,0.1400000000000001,0.0028056112224448,0.2441471571906355,0.704,0.0983935742971886,0.9096675867715668,0.211111111111111,20.46,1,0,1,0,1,0
0.2889461626575028,0.5616992582602832,0.9850000000000004,0.7166666666666667,0.1280487804878048,0.3440000000000001,0.2986973947895792,0.8578595317725753,0.6120000000000001,0.8112449799196787,0.1746841446064423,0.911111111111111,5.83,1,0,0,0,1,0
0.9080756013745704,0.0627107215104517,0.445,0.15,0.8120587291399229,0.6140000000000001,0.880761523046092,0.0618729096989966,0.904,0.0662650602409637,0.2863998767789033,0.1555555555555555,14.54,0,1,0,0,0,1
0.6351660939289805,0.8766014834794335,0.7450000000000001,0.4999999999999999,0.4623315147625159,0.6400000000000001,0.4560120240480962,0.4581939799331104,0.016,0.1726907630522087,0.4879494631370307,0.8222222222222222,27.87,0,1,1,0,1,0
0.6079610538373423,0.8631153068105192,0.0150000000000001,0.0999999999999999,0.0919448010269576,0.712,0.0691382765531062,0.4966555183946487,0.472,0.3092369477911646,0.8710637142243354,0.1666666666666666,35.25,1,0,0,0,1,0
0.6878579610538373,0.8840188806473362,0.1150000000000001,0.6166666666666666,0.7232028241335043,0.6080000000000001,0.3559118236472945,0.3260869565217391,0.14,0.973895582329317,0.1092188836330767,0.6777777777777776,88.54,0,1,1,0,1,0
0.4198167239404353,0.1456507080242751,0.625,0.7833333333333331,0.7677711810012836,0.994,0.2120240480961923,0.914715719063545,0.732,0.7088353413654619,0.6838183137355043,0.5333333333333332,37.86,0,1,0,1,1,0
0.5844788087056128,0.9824679703304114,0.8899999999999999,0.0166666666666666,0.0137596277278562,0.4880000000000002,0.314128256513026,0.5384615384615384,0.34,0.8795180722891566,0.1682150370271289,0.0555555555555555,34.29,1,0,0,1,0,0
0.4126575028636884,0.1328388401888064,0.665,0.5166666666666665,0.6403241335044928,0.3380000000000001,0.9081162324649298,0.5869565217391305,0.0839999999999999,0.4497991967871485,0.7566484672349428,0.7888888888888888,49.46,0,1,1,0,1,0
0.7941008018327607,0.7437626432906271,0.76,0.3333333333333333,0.8337612323491655,0.9740000000000002,0.1040080160320641,0.1254180602006689,0.0119999999999999,0.7028112449799194,0.0706413577019265,0.5222222222222221,68.78,1,0,1,0,1,0
0.2694730813287514,0.1840863115306811,0.135,0.9833333333333332,0.2702583440308087,0.7580000000000002,0.45,0.2391304347826086,0.912,0.4638554216867468,0.5656395539720563,0.2222222222222222,32.42,0,1,0,1,0,1
0.1217067583046964,0.2596089008766014,0.5350000000000001,0.6166666666666666,0.366094351732991,0.104,0.2628256513026052,0.2558528428093645,0.536,0.1024096385542168,0.287001795623219,0.3444444444444444,52.72,0,1,0,1,0,1
0.1463344788087056,0.9224544841537424,0.56,0.2999999999999999,0.9648989088575096,0.7080000000000002,0.5352705410821642,0.3294314381270902,0.6759999999999999,0.7309236947791163,0.7122625257892837,0.1999999999999999,69.72,1,0,0,0,0,0
0.975085910652921,0.0660822656776803,0.8400000000000001,0.4166666666666666,0.318517329910141,0.6780000000000002,0.3158316633266533,0.108695652173913,0.7,0.6566265060240962,0.7887893121911872,0.5555555555555556,79.82,1,0,1,0,1,0
0.163516609392898,0.1638570465273094,0.2300000000000001,0.8833333333333334,0.4050064184852374,0.0,0.3039078156312625,0.9983277591973242,0.736,0.504016064257028,0.1256389054399682,0.4555555555555554,63.97,1,0,0,1,1,0
0.2809278350515464,0.5738368172623061,0.28,0.25,0.2188703465982027,0.2299999999999999,0.7481963927855712,0.0334448160535116,0.2479999999999999,0.9116465863453814,0.321402369574117,0.3777777777777778,78.91,1,0,1,0,1,0
0.1915807560137457,0.5354012137559001,0.16,0.4333333333333332,0.1943998716302951,0.286,0.3014028056112224,0.2257525083612039,0.2639999999999999,0.1526104417670682,0.7735792080612538,0.977777777777778,78.19,1,0,0,1,0,1
0.2319587628865979,0.923128792987188,0.27,0.7833333333333331,0.58295892169448,0.6859999999999999,0.903006012024048,0.8494983277591973,0.1279999999999999,0.9357429718875502,0.1369922703081743,0.311111111111111,52.31,1,0,1,0,0,1
0.0432416953035509,0.2481456507080243,0.5350000000000001,0.85,0.3123395378690629,0.05,0.7808617234468936,0.4331103678929765,0.76,0.3253012048192769,0.8192480270437881,0.3555555555555555,47.64,1,0,1,0,0,0
0.586197021764032,0.0627107215104517,0.3,0.0666666666666667,0.4806643132220795,0.902,0.3893787575150301,0.782608695652174,0.288,0.8574297188755019,0.4187186627268342,0.3555555555555555,69.75,0,1,1,0,1,0
0.0864833906071019,0.7188132164531355,0.2650000000000001,0.1166666666666667,0.8512516046213091,0.692,0.407815631262525,0.431438127090301,0.196,0.0080321285140561,0.3483509044995966,0.1444444444444444,42.17,1,0,0,1,0,1
0.9788087056128292,0.4389750505731624,0.2099999999999999,0.3666666666666666,0.6144094993581514,0.512,0.6357715430861722,0.6622073578595317,0.124,0.3132530120481928,0.7489694419786714,0.6555555555555557,8.83,1,0,0,1,0,1
0.1371706758304696,0.8604180714767363,0.94,0.9499999999999998,0.3004653401797175,0.7180000000000002,0.0620240480961923,0.2892976588628762,0.332,0.7088353413654619,0.3204599713835216,0.0666666666666666,46.77,0,1,0,1,0,0
0.265750286368843,0.5003371544167228,0.8400000000000001,0.2833333333333333,0.1573331193838254,0.272,0.100501002004008,0.9280936454849495,0.8720000000000001,0.3072289156626505,0.2456517950152202,0.8999999999999999,0.18,1,0,1,0,0,0
0.9284077892325316,0.2049898853674983,0.79,0.1833333333333332,0.560173299101412,0.1999999999999999,0.2976953907815631,0.5317725752508361,0.32,1.0,0.6445517224606928,0.8333333333333333,19.68,1,0,1,0,0,0
0.0260595647193585,0.913688469318948,0.3050000000000001,0.4999999999999999,0.1317795250320924,0.902,0.7507014028056112,0.9247491638795988,0.6840000000000002,0.182730923694779,0.3071265569836772,0.4888888888888889,60.73,1,0,0,1,1,0
0.9014891179839636,0.7842211732973702,0.5650000000000002,0.2666666666666666,0.2388879974326058,0.8319999999999999,0.3681362725450902,0.6137123745819396,0.8840000000000001,0.3674698795180722,0.7032134764967918,0.7999999999999998,14.92,1,0,0,1,0,1
0.4727949599083619,0.7660148347943357,0.635,0.0,0.1214698331193837,0.774,0.0399799599198396,0.9581939799331104,0.8959999999999999,0.36144578313253,0.3092504995723741,0.6111111111111112,61.18,1,0,0,0,0,1
0.5197594501718212,0.5805799055967632,0.035,0.5166666666666665,0.5352214377406931,0.052,0.7124248496993987,0.2090301003344481,0.796,0.3092369477911646,0.4772952969263632,0.8888888888888888,80.62,1,0,0,0,0,1
0.2809278350515464,0.4167228590694538,0.7450000000000001,0.1333333333333333,0.8591543645699614,0.3219999999999998,0.1502004008016032,0.3695652173913043,0.928,0.5642570281124498,0.349143329644807,0.4333333333333334,73.8,0,1,0,0,1,0
0.302119129438717,0.3809844908968307,0.8550000000000002,0.7499999999999999,0.2722240051347881,0.1180000000000001,0.2519038076152304,0.9214046822742477,0.5800000000000001,0.5341365461847388,0.5961752820101252,0.3666666666666666,80.71,0,1,0,0,1,0
0.8321878579610538,0.997302764666217,0.435,0.9499999999999998,0.2610317715019256,0.982,0.8627254509018035,0.8862876254180599,0.132,0.8714859437751002,0.9427082700001216,0.8222222222222222,9.14,0,1,1,0,0,0
0.9707903780068728,0.7525286581254212,0.16,0.35,0.1601412066752245,0.766,0.0584168336673346,0.8411371237458195,0.9440000000000002,0.6767068273092368,0.2115207672134602,0.3555555555555555,47.72,1,0,0,0,0,0
0.4604810996563573,0.6237356709372892,0.25,0.2166666666666666,0.8158295892169448,0.702,0.7731462925851703,0.1220735785953176,0.2239999999999999,0.5763052208835341,0.8578174463238363,0.8888888888888888,83.19,0,1,0,1,0,1
0.5355097365406645,0.9703304113283884,0.01,0.5499999999999999,0.2889521822849806,0.3959999999999999,0.0874749498997995,0.2642140468227424,0.5680000000000001,0.72289156626506,0.9111146239932552,0.2333333333333333,79.54,0,1,1,0,1,0
0.3934707903780068,0.5259608900876601,0.365,0.65,0.3041158536585365,0.272,0.7401803607214429,0.9765886287625416,0.172,0.8755020080321284,0.9373092403662584,0.7666666666666666,39.42,1,0,0,1,1,0
0.4770904925544101,0.4760620364126769,0.4300000000000001,0.9,0.4562740693196404,0.2199999999999999,0.2286573146292584,0.1304347826086955,0.556,0.3232931726907631,0.5771246519206683,0.9333333333333332,95.56,0,1,0,0,0,1
0.7270904925544099,0.8422117329737019,0.865,0.1833333333333332,0.1967265725288831,0.016,0.1314629258517033,0.2625418060200668,0.72,0.4759036144578311,0.758200890920956,0.4888888888888889,55.56,1,0,0,1,1,0
